Session,count,sum,mean,win_rate_pct,profit_factor,low_sample_flag
Unknown,174,5478.75,31.487068965517242,50.57471264367817,1.731892547553813,False
