Session,count,sum,mean,win_rate_pct,profit_factor,low_sample_flag
Unknown,112,3771.7999999999997,33.676785714285714,49.107142857142854,1.7620182837517038,False
