{
  "scope": "RTH",
  "strategy_name": "SuperSignal_v7_RTH15_v43",
  "version": "1.3.1",
  "timeframe": "180d:15m",
  "initial_capital": 2500.0,
  "point_value": 5.0,
  "num_trades": 101,
  "net_profit": 3501.8200000000006,
  "gross_profit": 1871.25,
  "total_return_pct": 140.07280000000003,
  "total_return_pct_gross": 74.85000000000001,
  "avg_monthly_return": 0.14520741335937035,
  "CAGR": 2.419345602639774,
  "profit_factor": 1.7145404831864186,
  "profit_factor_gross": 1.2784080342198252,
  "win_rate_pct": 46.53465346534654,
  "avg_win_dollars": 178.7791489361702,
  "avg_loss_dollars": -90.75555555555555,
  "avg_win_points_per_contract": 35.75582978723405,
  "avg_loss_points_per_contract": -18.15111111111111,
  "largest_winning_trade_points_per_contract": 258.692,
  "largest_losing_trade_points_per_contract": -20.0,
  "expectancy_per_trade_dollars": 34.671485148514854,
  "expectancy_per_trade_dollars_gross": 18.527227722772277,
  "max_drawdown_pct": 19.105591923760723,
  "max_drawdown_dollars": 1402.3599999999988,
  "avg_drawdown_pct": -7.384175430726153,
  "recovery_factor": 2.4970906186713853,
  "per_trade_sharpe_proxy": 0.17341613548005566,
  "per_trade_sortino_proxy": 0.7393462132556223,
  "sharpe_annualized": 1.7157886364060022,
  "sortino_annualized": 7.315131475869505,
  "largest_winning_trade": 1293.46,
  "largest_losing_trade": -100.0,
  "vol_of_trade_returns": 0.07997291613617434,
  "avg_win_over_avg_loss": 1.969897576426949,
  "largest_win_over_largest_loss": 12.9346,
  "exit_reason_counts": {
    "Close": 101
  },
  "exit_reason_avg_netpl": {
    "Close": 34.67148514851485
  },
  "exit_reason_profit_factor": {
    "Close": 1.7145404831864186
  },
  "exit_reason_by_strategy_bucket": {
    "RTH15": {
      "Close": {
        "count": 101,
        "avg_adj_netpl": 34.67148514851485,
        "sum_adj_netpl": 3501.8199999999997
      }
    }
  },
  "sl_total_corrections": 2038.6099999999997,
  "sl_num_breaches": 34,
  "max_win_streak": 7,
  "max_loss_streak": 7,
  "max_win_streak_range": [
    28,
    34
  ],
  "max_loss_streak_range": [
    59,
    65
  ],
  "instrument": "/MES"
}