{
  "strategy_name": "SuperSignal_v7",
  "version": "1.0.4",
  "timeframe": "15m",
  "initial_capital": 2500.0,
  "point_value": 5.0,
  "num_trades": 600,
  "net_profit": 296.00000000000136,
  "total_return_pct": 11.840000000000055,
  "avg_monthly_return": 0.07087959117777727,
  "CAGR": 0.1700998775824929,
  "profit_factor": 1.0092861900236831,
  "win_rate_pct": 58.166666666666664,
  "avg_win_dollars": 92.18134670487106,
  "avg_loss_dollars": -126.993187250996,
  "avg_win_points_per_contract": 18.436269340974217,
  "avg_loss_points_per_contract": -25.3986374501992,
  "expectancy_per_trade_dollars": 0.4933333333333356,
  "max_drawdown_pct": 82.7341277800524,
  "max_drawdown_dollars": 4991.109999999999,
  "avg_drawdown_pct": -37.90836026586427,
  "recovery_factor": 0.059305445081354935,
  "per_trade_sharpe_proxy": 0.0022832261541583794,
  "per_trade_sortino_proxy": 0.0033136963849804426,
  "largest_winning_trade": 2149.71,
  "largest_losing_trade": -2302.79,
  "vol_of_trade_returns": 0.0864274145484605,
  "num_longs": 0,
  "num_shorts": 0,
  "avg_hold_minutes": NaN,
  "exit_reason_counts": {
    "Close": 600
  },
  "exit_reason_avg_netpl": {
    "Close": 0.49333333333333323
  },
  "exit_reason_profit_factor": {
    "Close": 1.0092861900236831
  }
}