Session,count,sum,mean,win_rate_pct,profit_factor,low_sample_flag
Unknown,306,6751.719999999999,22.064444444444444,55.22875816993464,1.6530170892142293,False
