Session,count,sum,mean,win_rate_pct,profit_factor,low_sample_flag
Unknown,288,8614.42,29.911180555555557,46.52777777777778,1.9579060088046554,False
