{
  "scope": "RTH",
  "strategy_name": "SuperSignal_v7_RTH15_v43",
  "version": "1.3.1",
  "timeframe": "180d:15m",
  "initial_capital": 2500.0,
  "point_value": 5.0,
  "num_trades": 97,
  "net_profit": 4256.7300000000005,
  "gross_profit": 2626.25,
  "total_return_pct": 170.2692,
  "total_return_pct_gross": 105.05,
  "avg_monthly_return": 0.12513064818474076,
  "CAGR": 3.0599097749754005,
  "profit_factor": 1.9390328913988226,
  "profit_factor_gross": 1.413094769956744,
  "win_rate_pct": 49.48453608247423,
  "avg_win_dollars": 183.12145833333338,
  "avg_loss_dollars": -92.51224489795918,
  "avg_win_points_per_contract": 36.62429166666667,
  "avg_loss_points_per_contract": -18.502448979591833,
  "largest_winning_trade_points_per_contract": 258.692,
  "largest_losing_trade_points_per_contract": -20.0,
  "expectancy_per_trade_dollars": 43.883814432989695,
  "expectancy_per_trade_dollars_gross": 27.074742268041238,
  "max_drawdown_pct": 15.884687926032981,
  "max_drawdown_dollars": 1239.7299999999996,
  "avg_drawdown_pct": -5.477480358333414,
  "recovery_factor": 3.433594411686417,
  "per_trade_sharpe_proxy": 0.21561042048054355,
  "per_trade_sortino_proxy": 0.9231249222443102,
  "sharpe_annualized": 2.094623646398601,
  "sortino_annualized": 8.96802337476675,
  "largest_winning_trade": 1293.46,
  "largest_losing_trade": -100.0,
  "vol_of_trade_returns": 0.08141316052384344,
  "avg_win_over_avg_loss": 1.9794294099696315,
  "largest_win_over_largest_loss": 12.9346,
  "exit_reason_counts": {
    "Close": 97
  },
  "exit_reason_avg_netpl": {
    "Close": 43.88381443298969
  },
  "exit_reason_profit_factor": {
    "Close": 1.9390328913988226
  },
  "exit_reason_by_strategy_bucket": {
    "RTH15": {
      "Close": {
        "count": 97,
        "avg_adj_netpl": 43.88381443298969,
        "sum_adj_netpl": 4256.73
      }
    }
  },
  "sl_total_corrections": 2022.3599999999997,
  "sl_num_breaches": 34,
  "max_win_streak": 7,
  "max_loss_streak": 7,
  "max_win_streak_range": [
    35,
    41
  ],
  "max_loss_streak_range": [
    66,
    72
  ],
  "instrument": "/MES"
}