{
  "scope": "RTH",
  "strategy_name": "EMA_Inversion_33",
  "version": "1.2.0",
  "timeframe": "180d:15m",
  "initial_capital": 2500.0,
  "point_value": 5.0,
  "num_trades": 288,
  "net_profit": 6175.2300000000005,
  "gross_profit": 7338.75,
  "total_return_pct": 247.00920000000002,
  "total_return_pct_gross": 293.55,
  "avg_monthly_return": 0.16055905144955387,
  "CAGR": 4.774101388289323,
  "profit_factor": 1.5401630138136624,
  "profit_factor_gross": 1.678728323699422,
  "win_rate_pct": 46.52777777777778,
  "avg_win_dollars": 131.3984328358209,
  "avg_loss_dollars": -74.23480519480519,
  "avg_win_dollars_gross": 134.4537037037037,
  "avg_loss_dollars_gross": -72.56711409395973,
  "avg_win_points_per_contract": 26.279686567164184,
  "avg_loss_points_per_contract": -14.846961038961037,
  "expectancy_per_trade_dollars": 21.441770833333337,
  "expectancy_per_trade_dollars_gross": 25.481770833333332,
  "max_drawdown_pct": 23.420159764718505,
  "max_drawdown_dollars": 959.6999999999989,
  "avg_drawdown_pct": -4.927633051526867,
  "recovery_factor": 6.43454204438888,
  "per_trade_sharpe_proxy": 0.15559922965255177,
  "per_trade_sortino_proxy": 0.3446058983954578,
  "sharpe_annualized": 2.604678197395163,
  "sortino_annualized": 5.768585565935684,
  "largest_winning_trade": 672.21,
  "largest_losing_trade": -417.79,
  "vol_of_trade_returns": 0.05512050639636749,
  "num_longs": 0,
  "num_shorts": 0,
  "avg_hold_minutes": NaN,
  "avg_win_over_avg_loss": 1.770038090502269,
  "largest_win_over_largest_loss": 1.608966227051868,
  "exit_reason_counts": {
    "Close": 288
  },
  "exit_reason_avg_netpl": {
    "Close": 21.441770833333333
  },
  "exit_reason_profit_factor": {
    "Close": 1.5401630138136624
  },
  "instrument": "/MES"
}