Session,count,sum,mean,win_rate_pct,profit_factor,low_sample_flag
Unknown,288,6175.23,21.441770833333333,46.52777777777778,1.5401630138136624,False
