{
  "scope": "RTH",
  "strategy_name": "EMA_Inversion_33",
  "version": "1.3.0",
  "timeframe": "180d:15m",
  "initial_capital": 2500.0,
  "point_value": 5.0,
  "num_trades": 85,
  "net_profit": -3530.97,
  "gross_profit": -4497.5,
  "total_return_pct": -141.2388,
  "total_return_pct_gross": -179.9,
  "avg_monthly_return": 0.5599393535920403,
  "CAGR": NaN,
  "profit_factor": 0.1494364456692193,
  "profit_factor_gross": 0.13217559093101786,
  "win_rate_pct": 18.823529411764707,
  "avg_win_dollars": 38.77250000000001,
  "avg_loss_dollars": -60.16420289855073,
  "avg_win_points_per_contract": 7.7545,
  "avg_loss_points_per_contract": -12.032840579710143,
  "largest_winning_trade_points_per_contract": 38.442,
  "largest_losing_trade_points_per_contract": -20.0,
  "expectancy_per_trade_dollars": -41.54082352941176,
  "expectancy_per_trade_dollars_gross": -52.911764705882355,
  "max_drawdown_pct": 142.95708333333326,
  "max_drawdown_dollars": 3430.969999999998,
  "avg_drawdown_pct": -82.69171078431367,
  "recovery_factor": -1.0291462764174568,
  "per_trade_sharpe_proxy": -0.7820965305064604,
  "per_trade_sortino_proxy": -1.0657310959310107,
  "sharpe_annualized": -7.126236635919095,
  "sortino_annualized": -9.710632490523547,
  "largest_winning_trade": 192.21,
  "largest_losing_trade": -100.0,
  "vol_of_trade_returns": 0.021245880481025152,
  "avg_win_over_avg_loss": 0.6444446719485082,
  "largest_win_over_largest_loss": 1.9221000000000001,
  "exit_reason_counts": {
    "Close": 85
  },
  "exit_reason_avg_netpl": {
    "Close": -41.54082352941177
  },
  "exit_reason_profit_factor": {
    "Close": 0.1494364456692193
  },
  "exit_reason_by_strategy_bucket": {
    "Other": {
      "Close": {
        "count": 85,
        "avg_adj_netpl": -41.54082352941177,
        "sum_adj_netpl": -3530.9700000000003
      }
    }
  },
  "sl_total_corrections": 1309.93,
  "sl_num_breaches": 17,
  "max_win_streak": 2,
  "max_loss_streak": 16,
  "max_win_streak_range": [
    38,
    39
  ],
  "max_loss_streak_range": [
    0,
    15
  ],
  "instrument": "/MES"
}