Session,count,sum,mean,win_rate_pct,profit_factor,low_sample_flag
Unknown,85,-3530.9700000000003,-41.54082352941177,18.823529411764707,0.1494364456692193,False
