Session,count,sum,mean,win_rate_pct,profit_factor,low_sample_flag
Unknown,306,4512.509999999999,14.74676470588235,55.22875816993464,1.3587484338330231,False
