Session,count,sum,mean,win_rate_pct,profit_factor,low_sample_flag
Unknown,85,-4840.900000000001,-56.95176470588236,18.823529411764707,0.11359283388815039,False
