Session,count,sum,mean,win_rate_pct,profit_factor,low_sample_flag
Unknown,101,3501.8199999999997,34.67148514851485,46.53465346534654,1.7145404831864186,False
