Session,count,sum,mean,win_rate_pct,profit_factor,low_sample_flag
Unknown,112,1155.02,10.312678571428572,49.107142857142854,1.1526485720667197,False
