{
  "scope": "RTH",
  "strategy_name": "EMA_Inversion_33",
  "version": "1.3.1",
  "timeframe": "180d:15m",
  "initial_capital": 2500.0,
  "point_value": 5.0,
  "num_trades": 288,
  "net_profit": 8614.420000000002,
  "gross_profit": 7338.75,
  "total_return_pct": 344.57680000000005,
  "total_return_pct_gross": 293.55,
  "avg_monthly_return": 0.19156740892380184,
  "CAGR": 7.187091684481029,
  "profit_factor": 1.9579060088046554,
  "profit_factor_gross": 1.678728323699422,
  "win_rate_pct": 46.52777777777778,
  "avg_win_dollars": 131.3984328358209,
  "avg_loss_dollars": -58.395909090909086,
  "avg_win_points_per_contract": 26.279686567164184,
  "avg_loss_points_per_contract": -11.679181818181819,
  "largest_winning_trade_points_per_contract": 134.442,
  "largest_losing_trade_points_per_contract": -20.0,
  "expectancy_per_trade_dollars": 29.91118055555556,
  "expectancy_per_trade_dollars_gross": 25.481770833333332,
  "max_drawdown_pct": 22.73890033469408,
  "max_drawdown_dollars": 649.5000000000437,
  "avg_drawdown_pct": -2.940615152131729,
  "recovery_factor": 13.263156274056078,
  "per_trade_sharpe_proxy": 0.24006133829174967,
  "per_trade_sortino_proxy": 0.7865498416025126,
  "sharpe_annualized": 4.0185451771339835,
  "sortino_annualized": 13.166576905048872,
  "largest_winning_trade": 672.21,
  "largest_losing_trade": -100.0,
  "vol_of_trade_returns": 0.049839229870832606,
  "avg_win_over_avg_loss": 2.250130786238186,
  "largest_win_over_largest_loss": 6.7221,
  "exit_reason_counts": {
    "Close": 288
  },
  "exit_reason_avg_netpl": {
    "Close": 29.911180555555557
  },
  "exit_reason_profit_factor": {
    "Close": 1.9579060088046554
  },
  "exit_reason_by_strategy_bucket": {
    "Other": {
      "Close": {
        "count": 288,
        "avg_adj_netpl": 29.911180555555557,
        "sum_adj_netpl": 8614.42
      }
    }
  },
  "sl_total_corrections": 2439.19,
  "sl_num_breaches": 36,
  "max_win_streak": 7,
  "max_loss_streak": 8,
  "max_win_streak_range": [
    201,
    207
  ],
  "max_loss_streak_range": [
    218,
    225
  ],
  "instrument": "/MES"
}