Session,count,sum,mean,win_rate_pct,profit_factor,low_sample_flag
Unknown,174,1593.2899999999997,9.156839080459768,50.57471264367817,1.1401163818386642,False
