{
  "scope": "RTH",
  "strategy_name": "SuperSignal_v7_PreMarket45_43",
  "version": "1.3.1",
  "timeframe": "180d:15m",
  "initial_capital": 2500.0,
  "point_value": 5.0,
  "num_trades": 121,
  "net_profit": 4501.89,
  "gross_profit": 3775.0,
  "total_return_pct": 180.0756,
  "total_return_pct_gross": 151.0,
  "avg_monthly_return": 0.1477393757336796,
  "CAGR": 3.26903800177415,
  "profit_factor": 1.8776383893323982,
  "profit_factor_gross": 1.6173344235486509,
  "win_rate_pct": 52.892561983471076,
  "avg_win_dollars": 150.49125000000004,
  "avg_loss_dollars": -89.99210526315788,
  "avg_win_points_per_contract": 30.09825,
  "avg_loss_points_per_contract": -17.998421052631578,
  "largest_winning_trade_points_per_contract": 146.942,
  "largest_losing_trade_points_per_contract": -20.0,
  "expectancy_per_trade_dollars": 37.205702479338846,
  "expectancy_per_trade_dollars_gross": 31.198347107438018,
  "max_drawdown_pct": 14.401276544803155,
  "max_drawdown_dollars": 986.4499999999998,
  "avg_drawdown_pct": -3.7872214152683417,
  "recovery_factor": 4.563728521465864,
  "per_trade_sharpe_proxy": 0.25650349787881155,
  "per_trade_sortino_proxy": 0.7937824167139231,
  "sharpe_annualized": 2.7831484092428593,
  "sortino_annualized": 8.612803679605493,
  "largest_winning_trade": 734.71,
  "largest_losing_trade": -100.0,
  "vol_of_trade_returns": 0.05801979744840307,
  "avg_win_over_avg_loss": 1.6722716904991672,
  "largest_win_over_largest_loss": 7.3471,
  "exit_reason_counts": {
    "Close": 121
  },
  "exit_reason_avg_netpl": {
    "Close": 37.205702479338846
  },
  "exit_reason_profit_factor": {
    "Close": 1.8776383893323982
  },
  "exit_reason_by_strategy_bucket": {
    "Premarket45": {
      "Close": {
        "count": 121,
        "avg_adj_netpl": 37.205702479338846,
        "sum_adj_netpl": 4501.89
      }
    }
  },
  "sl_total_corrections": 1215.73,
  "sl_num_breaches": 37,
  "max_win_streak": 6,
  "max_loss_streak": 5,
  "max_win_streak_range": [
    10,
    15
  ],
  "max_loss_streak_range": [
    75,
    79
  ],
  "instrument": "/MES"
}