Session,count,sum,mean,win_rate_pct,profit_factor,low_sample_flag
Unknown,121,4501.89,37.205702479338846,52.892561983471076,1.8776383893323982,False
