{
  "scope": "RTH",
  "strategy_name": "SuperSignal_v7_RTH15_v43",
  "version": "1.3.0",
  "timeframe": "180d:15m",
  "initial_capital": 2500.0,
  "point_value": 5.0,
  "num_trades": 75,
  "net_profit": 2528.38,
  "gross_profit": 1335.0,
  "total_return_pct": 101.1352,
  "total_return_pct_gross": 53.400000000000006,
  "avg_monthly_return": 0.08999083265904101,
  "CAGR": 1.751541017810705,
  "profit_factor": 1.824398260155073,
  "profit_factor_gross": 1.3013544018058691,
  "win_rate_pct": 56.00000000000001,
  "avg_win_dollars": 133.22190476190477,
  "avg_loss_dollars": -92.93757575757576,
  "avg_win_points_per_contract": 26.64438095238095,
  "avg_loss_points_per_contract": -18.587515151515152,
  "largest_winning_trade_points_per_contract": 89.942,
  "largest_losing_trade_points_per_contract": -20.0,
  "expectancy_per_trade_dollars": 33.711733333333335,
  "expectancy_per_trade_dollars_gross": 17.8,
  "max_drawdown_pct": 13.870408656379096,
  "max_drawdown_dollars": 763.4799999999996,
  "avg_drawdown_pct": -3.925078958514891,
  "recovery_factor": 3.3116519096767454,
  "per_trade_sharpe_proxy": 0.26075256063031715,
  "per_trade_sortino_proxy": 0.715255497930077,
  "sharpe_annualized": 2.2581834160769674,
  "sortino_annualized": 6.194294314039348,
  "largest_winning_trade": 449.71,
  "largest_losing_trade": -100.0,
  "vol_of_trade_returns": 0.05171451931569446,
  "avg_win_over_avg_loss": 1.433455775836129,
  "largest_win_over_largest_loss": 4.4971,
  "exit_reason_counts": {
    "Close": 75
  },
  "exit_reason_avg_netpl": {
    "Close": 33.711733333333335
  },
  "exit_reason_profit_factor": {
    "Close": 1.824398260155073
  },
  "exit_reason_by_strategy_bucket": {
    "RTH15": {
      "Close": {
        "count": 75,
        "avg_adj_netpl": 33.711733333333335,
        "sum_adj_netpl": 2528.38
      }
    }
  },
  "sl_total_corrections": 1496.3799999999999,
  "sl_num_breaches": 22,
  "max_win_streak": 6,
  "max_loss_streak": 5,
  "max_win_streak_range": [
    13,
    18
  ],
  "max_loss_streak_range": [
    56,
    60
  ],
  "instrument": "/MES"
}