{
  "scope": "RTH",
  "strategy_name": "SuperSignal_v7_RTH15_v43",
  "version": "1.2.0",
  "timeframe": "180d:15m",
  "initial_capital": 2500.0,
  "point_value": 5.0,
  "num_trades": 97,
  "net_profit": 2234.370000000001,
  "gross_profit": 2626.25,
  "total_return_pct": 89.37480000000004,
  "total_return_pct_gross": 105.05,
  "avg_monthly_return": 0.09504500774695318,
  "CAGR": 1.4593528518829229,
  "profit_factor": 1.3408410698867819,
  "profit_factor_gross": 1.413094769956744,
  "win_rate_pct": 49.48453608247423,
  "avg_win_dollars": 183.12145833333338,
  "avg_loss_dollars": -133.78489795918367,
  "avg_win_dollars_gross": 187.16145833333334,
  "avg_loss_dollars_gross": -129.74489795918367,
  "avg_win_points_per_contract": 36.62429166666667,
  "avg_loss_points_per_contract": -26.756979591836732,
  "expectancy_per_trade_dollars": 23.034742268041246,
  "expectancy_per_trade_dollars_gross": 27.074742268041238,
  "max_drawdown_pct": 31.28850554479843,
  "max_drawdown_dollars": 2097.449999999999,
  "avg_drawdown_pct": -12.983735370976573,
  "recovery_factor": 1.0652792676821865,
  "per_trade_sharpe_proxy": 0.10381430458913893,
  "per_trade_sortino_proxy": 0.2913949618588867,
  "sharpe_annualized": 1.0085407594966396,
  "sortino_annualized": 2.8308593628762995,
  "largest_winning_trade": 1293.46,
  "largest_losing_trade": -324.04,
  "vol_of_trade_returns": 0.08875363509568268,
  "num_longs": 0,
  "num_shorts": 0,
  "avg_hold_minutes": NaN,
  "avg_win_over_avg_loss": 1.3687752588427564,
  "largest_win_over_largest_loss": 3.9916676953462535,
  "exit_reason_counts": {
    "Close": 97
  },
  "exit_reason_avg_netpl": {
    "Close": 23.034742268041235
  },
  "exit_reason_profit_factor": {
    "Close": 1.3408410698867819
  },
  "instrument": "/MES"
}