Session,count,sum,mean,win_rate_pct,profit_factor,low_sample_flag
Unknown,97,2234.37,23.034742268041235,49.48453608247423,1.3408410698867819,False
