{
  "strategy_name": "SuperSignal_v7",
  "version": "1.0.4",
  "timeframe": "15m",
  "initial_capital": 2500.0,
  "point_value": 5.0,
  "num_trades": 354,
  "net_profit": 4764.84,
  "total_return_pct": 190.5936,
  "avg_monthly_return": 0.15749007214547037,
  "CAGR": 3.4966953104851877,
  "profit_factor": 1.3479313635789427,
  "win_rate_pct": 53.954802259887,
  "avg_win_dollars": 96.64717277486909,
  "avg_loss_dollars": -84.01699386503067,
  "avg_win_points_per_contract": 19.329434554973826,
  "avg_loss_points_per_contract": -16.803398773006133,
  "expectancy_per_trade_dollars": 13.46,
  "max_drawdown_pct": 17.126337484110575,
  "max_drawdown_dollars": 1387.7299999999968,
  "avg_drawdown_pct": -6.4051158045188075,
  "recovery_factor": 3.4335497539146744,
  "per_trade_sharpe_proxy": 0.12138168226842383,
  "per_trade_sortino_proxy": 0.23905921221612875,
  "largest_winning_trade": 525.96,
  "largest_losing_trade": -429.04,
  "vol_of_trade_returns": 0.04435595140372009,
  "num_longs": 0,
  "num_shorts": 0,
  "avg_hold_minutes": NaN,
  "exit_reason_counts": {
    "Close": 354
  },
  "exit_reason_avg_netpl": {
    "Close": 13.459999999999997
  },
  "exit_reason_profit_factor": {
    "Close": 1.3479313635789427
  }
}