Session,count,sum,mean,win_rate_pct,profit_factor,low_sample_flag
Unknown,121,3286.16,27.158347107438015,52.892561983471076,1.5178904634626058,False
